<?xml version="1.0" encoding="UTF-8"?>
<project-private xmlns="http://www.netbeans.org/ns/project-private/1">
    <editor-bookmarks xmlns="http://www.netbeans.org/ns/editor-bookmarks/2" lastBookmarkId="0"/>
    <open-files xmlns="http://www.netbeans.org/ns/projectui-open-files/2">
        <group>
            <file>file:/C:/Users/ola-d/Documents/NetBeansProjects/Cinema%20Food%20Ordering%20Simulation/src/Account.java</file>
            <file>file:/C:/Users/ola-d/Documents/NetBeansProjects/Cinema%20Food%20Ordering%20Simulation/src/Welcome.java</file>
            <file>file:/C:/Users/ola-d/Documents/NetBeansProjects/Cinema%20Food%20Ordering%20Simulation/src/Statistic.java</file>
            <file>file:/C:/Users/ola-d/Documents/NetBeansProjects/Cinema%20Food%20Ordering%20Simulation/src/Settings.java</file>
            <file>file:/C:/Users/ola-d/Documents/NetBeansProjects/Cinema%20Food%20Ordering%20Simulation/src/Category.java</file>
            <file>file:/C:/Users/ola-d/Documents/NetBeansProjects/Cinema%20Food%20Ordering%20Simulation/src/Item.java</file>
            <file>file:/C:/Users/ola-d/Documents/NetBeansProjects/Cinema%20Food%20Ordering%20Simulation/src/Login.java</file>
        </group>
    </open-files>
</project-private>
